{"cameraMode":{"drawMode":0,"name":"Shaded","section":"Shading Mode"},"sceneLighting":true,"audioPlay":false,"sceneViewState":{"showFog":true,"showMaterialUpdate":false,"showSkybox":true,"showFlares":true,"showImageEffects":true,"showParticleSystems":true},"in2DMode":false,"pivot":{"x":17.96221351623535,"y":-13.617847442626954,"z":24.770679473876954},"rotation":{"x":-0.21180689334869386,"y":-0.22289977967739106,"z":0.049683183431625369,"w":-0.950255274772644},"size":7.40599250793457,"orthographic":false}