{"cameraMode":{"drawMode":0,"name":"Shaded","section":"Shading Mode"},"sceneLighting":true,"audioPlay":false,"sceneViewState":{"showFog":true,"showMaterialUpdate":false,"showSkybox":true,"showFlares":true,"showImageEffects":true,"showParticleSystems":true},"in2DMode":false,"pivot":{"x":-3.393441915512085,"y":-0.6389855146408081,"z":10.710712432861329},"rotation":{"x":-0.1660371571779251,"y":-0.0008905342547222972,"z":0.00014990070485509932,"w":-0.9861190915107727},"size":9.473297119140625,"orthographic":false}