{"cameraMode":{"drawMode":0,"name":"Shaded","section":"Shading Mode"},"sceneLighting":true,"audioPlay":false,"sceneViewState":{"showFog":true,"showMaterialUpdate":false,"showSkybox":true,"showFlares":true,"showImageEffects":true,"showParticleSystems":true},"in2DMode":false,"pivot":{"x":-0.33029571175575259,"y":-2.3572380542755129,"z":8.478273391723633},"rotation":{"x":-0.20133696496486665,"y":0.028497185558080674,"z":-0.005859934724867344,"w":-0.9790898561477661},"size":12.064131736755371,"orthographic":false}